X坐標,Y坐標,原地址,結果地址,說明
166111.32,2544057.74,台南市 建平十四街105號,臺南市安平區建平里13鄰建平十四街105號,[臺南市] { 完全比對 } 找到符合的門牌地址
168078.075,2542889.481,台南市 南寧街136巷6號,臺南市中西區進學里5鄰南寧街136巷6號,[臺南市] { 完全比對 } 找到符合的門牌地址
168489.57,2543013.19,台南市 南門路151號,臺南市中西區郡王里11鄰南門路151號,[臺南市] { 模糊比對 } (南門路)找到符合的[路街名]，(151號)找到符合的[門牌號碼]，進行[單號過濾]，模糊比對找到 2 筆符合的門牌地址。( 限制回傳 1 筆門牌地址 )
168120.908,2542984.36,台南市 樹林街二段171號,臺南市中西區進學里3鄰樹林街二段171號,[臺南市] { 完全比對 } 找到符合的門牌地址
167138.2,2547338.19,台南市 海佃路一段254號,臺南市安南區溪墘里6鄰海佃路一段252號,[臺南市] { 模糊比對 } (海佃路)找到符合的[路街名]，(1)找到符合的[路段]，(254號)進行[雙號過濾]，進行[找大於且最接近的門牌號碼]，找到大於輸入的門牌號碼 +4 號，進行[找小於且最接近的門牌號碼]，找到小於輸入的門牌號碼 -2 號，模糊比對找到 2 筆符合的門牌地址。( 限制回傳 1 筆門牌地址 )
167293.03,2548454.87,台南市 海佃路二段150巷112弄1之36號,臺南市安南區理想里8鄰海佃路二段150巷112弄1之36號,[臺南市] { 完全比對 } 找到符合的門牌地址
167580.31,2543131.73,台南市 永華路一段42號,臺南市中西區元安里2鄰永華路一段42號,[臺南市] { 完全比對 } 找到符合的門牌地址
170706.96,2541257.32,台南市 崇明十七街31號,臺南市東區崇成里16鄰崇明十七街31號,[臺南市] { 完全比對 } 找到符合的門牌地址
165990.9,2542850.43,台南市 建平一街23巷56號,臺南市安平區文平里23鄰建平一街23巷56號,[臺南市] { 完全比對 } 找到符合的門牌地址
165293.68,2544394.58,台南市 安平路446巷26號,臺南市安平區平安里10鄰安平路446巷26號,[臺南市] { 完全比對 } 找到符合的門牌地址
167802.1,2542683.27,台南市 西門路一段482巷15號,臺南市中西區仙草里14鄰西門路一段482巷15號,[臺南市] { 完全比對 } 找到符合的門牌地址
167177.71,2544225.55,台南市 濟生街1號,臺南市中西區協進里3鄰濟生街1號,[臺南市] { 完全比對 } 找到符合的門牌地址
166456.74,2544156.54,台南市 建平十七街3號,臺南市安平區建平里1鄰建平十七街3號,[臺南市] { 完全比對 } 找到符合的門牌地址
166581.68,2544151.23,台南市 中華西路二段489號,臺南市安平區建平里8鄰中華西路二段489號,[臺南市] { 完全比對 } 找到符合的門牌地址
170665.81,2543162.58,台南市 裕豐路185巷49號,臺南市東區新東里19鄰裕豐街185巷49號,[臺南市] { 模糊比對 } (裕豐路)找不到符合的[路街名]，進行轉換搜尋[街變成路，路變成街]，轉換搜尋找到符合的[路街名]，(185巷)找到符合的[巷]，(49號)找到符合的[門牌號碼]，模糊比對找到 1 筆符合的門牌地址。
170362.87,2545401.18,台南市 林森路三段237號,臺南市北區華興里1鄰林森路三段237號,[臺南市] { 完全比對 } 找到符合的門牌地址
170360.95,2545404.65,台南市 林森路三段239號,臺南市北區華興里1鄰林森路三段239號,[臺南市] { 完全比對 } 找到符合的門牌地址
170358.3,2545408.13,台南市 林森路三段241號,臺南市北區華興里1鄰林森路三段241號,[臺南市] { 完全比對 } 找到符合的門牌地址
169540.13,2549616.51,台南市 安生街106巷14號,臺南市安南區新順里2鄰安生街106巷14號,[臺南市] { 完全比對 } 找到符合的門牌地址
166495.83,2549527.3,台南市 海佃路二段637號,臺南市安南區溪心里2鄰海佃路二段637號,[臺南市] { 完全比對 } 找到符合的門牌地址
169450.89,2541456.38,台南市 中華南路一段10號,臺南市南區大忠里1鄰中華南路一段10號,[臺南市] { 完全比對 } 找到符合的門牌地址
167440.05,2542666.98,台南市 夏林路68號,臺南市南區廣州里27鄰夏林路68號,[臺南市] { 完全比對 } 找到符合的門牌地址
168959.48,2542070.4,台南市 健康路一段113巷65弄22號,臺南市南區竹溪里1鄰健康路一段113巷65弄22號,[臺南市] { 完全比對 } 找到符合的門牌地址
170616.9,2545135.64,台南市 開南街135號,臺南市北區華興里19鄰開南街135號,[臺南市] { 完全比對 } 找到符合的門牌地址
169072.33,2543176.74,台南市 大同路一段46巷60號,臺南市中西區開山里10鄰大同路一段46巷60號,[臺南市] { 完全比對 } 找到符合的門牌地址
167429.83,2539993.39,台南市 永成路二段827巷25弄67號,臺南市南區建南里23鄰永成路二段827巷25弄67號,[臺南市] { 完全比對 } 找到符合的門牌地址
167428.71,2546423.87,台南市 中華北路二段25巷26弄1號,臺南市北區文元里12鄰中華北路二段25巷26弄1號,[臺南市] { 完全比對 } 找到符合的門牌地址
165924.44,2561288.81,台南市 勝利路55之3號,臺南市佳里區鎮山里13鄰勝利路55號,[臺南市] { 模糊比對 } (勝利路)找到符合的[路街名]，(55之3號)找到符合的[門牌號碼]，進行[單號過濾]，模糊比對找到 3 筆符合的門牌地址。( 限制回傳 1 筆門牌地址 )
170619.96,2541311.91,台南市 崇明路551之4號,臺南市東區崇成里15鄰崇明路551號,[臺南市] { 模糊比對 } (崇明路)找到符合的[路街名]，(551之4號)找到符合的[門牌號碼]，模糊比對找到 1 筆符合的門牌地址。
165393.59,2542973.63,台南市 建平三街222號,臺南市安平區國平里7鄰建平三街222號,[臺南市] { 完全比對 } 找到符合的門牌地址
168519.78,2543348.19,台南市 府前路一段196巷13號,臺南市中西區永華里4鄰府前路一段196巷13號,[臺南市] { 完全比對 } 找到符合的門牌地址
170973.06,2544310.58,台南市 東和路59號,臺南市東區小東里18鄰東和路59號,[臺南市] { 完全比對 } 找到符合的門牌地址
169276.14,2541156.49,台南市 中華南路一段97巷61號,臺南市南區大忠里10鄰中華南路一段97巷61號,[臺南市] { 完全比對 } 找到符合的門牌地址
163764.49,2545010.54,台南市 古堡街118巷25弄23號,臺南市安平區海頭里17鄰古堡街118巷25弄23號,[臺南市] { 完全比對 } 找到符合的門牌地址
169084.09,2543036.77,台南市 大同路一段70巷15號,臺南市中西區開山里17鄰大同路一段70巷15號,[臺南市] { 完全比對 } 找到符合的門牌地址
167311.78,2543675.31,台南市 尊王路150巷5號,臺南市中西區民主里11鄰尊王路150巷5號,[臺南市] { 完全比對 } 找到符合的門牌地址
167903.74,2543338.39,台南市 府前路一段359巷42號,臺南市中西區小西里14鄰府前路一段359巷42號,[臺南市] { 完全比對 } 找到符合的門牌地址
169307.57,2542256.57,台南市 大同路二段55號,臺南市東區路東里8鄰大同路二段55號,[臺南市] { 完全比對 } 找到符合的門牌地址
166535.79,2547060.9,台南市 國安街236巷46號,臺南市安南區國安里9鄰國安街236巷46號,[臺南市] { 完全比對 } 找到符合的門牌地址
164582.1,2550302.21,台南市 安中路四段306巷47號,臺南市安南區淵西里9鄰安中路四段306巷47號,[臺南市] { 完全比對 } 找到符合的門牌地址
169796.85,2547661.11,台南市 府安路三段311巷19號,臺南市安南區安和里2鄰府安路三段311巷19號,[臺南市] { 完全比對 } 找到符合的門牌地址
167867.65,2547068.7,台南市 府安路五段145號,臺南市安南區安富里36鄰府安路五段145號,[臺南市] { 完全比對 } 找到符合的門牌地址
167843.92,2543439.01,台南市 府前路一段322號,臺南市中西區福安里3鄰府前路一段322號,[臺南市] { 完全比對 } 找到符合的門牌地址
170668.11,2545354.48,台南市 南園街109巷1號,臺南市北區華興里13鄰南園街109巷1號,[臺南市] { 完全比對 } 找到符合的門牌地址
170090.61,2543653.65,台南市 東寧路25號,臺南市東區大學里9鄰東寧路25號,[臺南市] { 完全比對 } 找到符合的門牌地址
167991.87,2551951.38,台南市 長和路四段400巷30號,臺南市安南區長安里13鄰長和路四段398號,[臺南市] { 模糊比對 } (長和路)找到符合的[路街名]，(4)找到符合的[路段]，(400巷)找不到符合的[巷]，(400)找不到符合的[門牌號碼]，進行轉換搜尋[巷視為號]，進行[雙號過濾]，進行[找大於且最接近的門牌號碼]，找到大於輸入的門牌號碼 +4 號，進行[找小於且最接近的門牌號碼]，找到小於輸入的門牌號碼 -2 號，模糊比對找到 2 筆符合的門牌地址。( 限制回傳 1 筆門牌地址 )
169540.13,2549616.51,台南市 安生街106巷14號,臺南市安南區新順里2鄰安生街106巷14號,[臺南市] { 完全比對 } 找到符合的門牌地址
166281.15,2544335.31,台南市 安平路124號,臺南市安平區平安里4鄰安平路124號,[臺南市] { 完全比對 } 找到符合的門牌地址
167443.02,2542324.58,台南市 夏林路182號,臺南市南區新興里14鄰夏林路182號,[臺南市] { 完全比對 } 找到符合的門牌地址
172612.23,2543368.86,台南市 裕農路966號,臺南市東區南聖里14鄰裕農路966號,[臺南市] { 完全比對 } 找到符合的門牌地址
167710.8,2549262.79,台南市 安中路一段700巷26號,臺南市安南區鳳凰里8鄰安中路一段700巷26號,[臺南市] { 完全比對 } 找到符合的門牌地址
168552.62,2542524.67,台南市 慶中街12號,臺南市中西區法華里25鄰慶中街12號,[臺南市] { 完全比對 } 找到符合的門牌地址
170448.67,2543060.13,台南市 衛國街106巷5弄23號,臺南市東區新東里5鄰衛國街106巷5弄23號,[臺南市] { 完全比對 } 找到符合的門牌地址
167042.16,2545266.19,台南市 武聖路160巷8弄27號,臺南市北區大豐里6鄰武聖路160巷8弄27號,[臺南市] { 完全比對 } 找到符合的門牌地址
168480.92,2542739.48,台南市 南寧街25號,臺南市中西區五妃里8鄰南寧街25號,[臺南市] { 完全比對 } 找到符合的門牌地址
169537.71,2549836.41,台南市 安豐四街76號,臺南市安南區安順里3鄰安豐四街76號,[臺南市] { 完全比對 } 找到符合的門牌地址
167982.37,2542734.17,台南市 永福路一段99號,臺南市中西區仙草里8鄰永福路一段99號,[臺南市] { 完全比對 } 找到符合的門牌地址
168607.31,2543422.08,台南市 府中街82號,臺南市中西區永華里14鄰府中街82號,[臺南市] { 完全比對 } 找到符合的門牌地址
167634.27,2547533.36,台南市 郡安路五段164巷12弄13號,臺南市安南區安富里21鄰郡安路五段164巷12弄13號,[臺南市] { 完全比對 } 找到符合的門牌地址
170780.17,2544358.12,台南市 小東路198巷40弄17號,臺南市東區小東里27鄰小東路198巷40弄17號,[臺南市] { 完全比對 } 找到符合的門牌地址
166515.55,2541437.25,台南市 新建路19巷12號之4,臺南市南區光明里19鄰新建路19巷12號,[臺南市] { 模糊比對 } (新建路)找到符合的[路街名]，(19巷)找到符合的[巷]，(12之4號)找到符合的[門牌號碼]，模糊比對找到 1 筆符合的門牌地址。
167175.93,2547577.07,台南市 海佃路一段352巷16號,臺南市安南區溪墘里17鄰海佃路一段352巷16號,[臺南市] { 完全比對 } 找到符合的門牌地址
166504.36,2543163.4,台南市 建平六街80巷116弄16號,臺南市安平區文平里5鄰建平六街80巷116弄16號,[臺南市] { 完全比對 } 找到符合的門牌地址
169551.42,2543333,台南市 東榮街71號,臺南市東區東門里23鄰東榮街71號,[臺南市] { 完全比對 } 找到符合的門牌地址
170696.08,2543177.05,台南市 裕豐街185巷33號,臺南市東區新東里19鄰裕豐街185巷33號,[臺南市] { 完全比對 } 找到符合的門牌地址
169576.35,2541284.06,台南市 大同路二段449巷3之4號,臺南市東區崇明里8鄰大同路二段449巷3號,[臺南市] { 模糊比對 } (大同路)找到符合的[路街名]，(2)找到符合的[路段]，(449巷)找到符合的[巷]，(3之4號)找到符合的[門牌號碼]，模糊比對找到 1 筆符合的門牌地址。
167345.18,2543449.29,台南市 大仁街44號,臺南市中西區郡西里12鄰大仁街44號,[臺南市] { 模糊比對 } (大仁街)找到符合的[路街名]，(44號)找到符合的[門牌號碼]，進行[雙號過濾]，模糊比對找到 2 筆符合的門牌地址。( 限制回傳 1 筆門牌地址 )
166535.79,2547060.9,台南市 國安街236巷46號,臺南市安南區國安里9鄰國安街236巷46號,[臺南市] { 完全比對 } 找到符合的門牌地址
168339.68,2550081.7,台南市 長溪路二段382號,臺南市安南區總頭里14鄰長溪路二段382號,[臺南市] { 完全比對 } 找到符合的門牌地址
168341.34,2550091.61,台南市 長溪路二段384號,臺南市安南區總頭里14鄰長溪路二段384號,[臺南市] { 完全比對 } 找到符合的門牌地址
171141.81,2540295.97,台南市 長東街103巷33弄18號,臺南市東區大智里9鄰長東街103巷33弄18號,[臺南市] { 完全比對 } 找到符合的門牌地址
171146.39,2540296.48,台南市 長東街103巷33弄20號,臺南市東區大智里9鄰長東街103巷33弄20號,[臺南市] { 完全比對 } 找到符合的門牌地址
171150.67,2540295.97,台南市 長東街103巷33弄22號,臺南市東區大智里9鄰長東街103巷33弄22號,[臺南市] { 完全比對 } 找到符合的門牌地址
171154.74,2540296.48,台南市 長東街103巷33弄24號,臺南市東區大智里9鄰長東街103巷33弄24號,[臺南市] { 完全比對 } 找到符合的門牌地址
171159.63,2540295.97,台南市 長東街103巷33弄26號,臺南市東區大智里9鄰長東街103巷33弄26號,[臺南市] { 完全比對 } 找到符合的門牌地址
171164.93,2540295.97,台南市 長東街103巷33弄28號,臺南市東區大智里9鄰長東街103巷33弄28號,[臺南市] { 完全比對 } 找到符合的門牌地址
168560.94,2543679.77,台南市 青年路3號,臺南市中西區青年里17鄰青年路3號,[臺南市] { 完全比對 } 找到符合的門牌地址
167968.43,2544359.65,台南市 慈聖街48號,臺南市中西區普濟里8鄰慈聖街48號,[臺南市] { 完全比對 } 找到符合的門牌地址
172157.98,2542223.45,台南市 裕忠三街36號,臺南市東區復興里11鄰裕忠三街36號,[臺南市] { 完全比對 } 找到符合的門牌地址
166286.98,2548631.6,台南市 海環街217號,臺南市安南區海西里12鄰海環街217號,[臺南市] { 完全比對 } 找到符合的門牌地址
167025.42,2543276,台南市 永華路一段250巷2號7樓之5,臺南市中西區民生里6鄰永華路一段250巷2號,[臺南市] { 完全比對 } 找到符合的門牌地址
170874.79,2543489.2,台南市 東興路31巷8號之4,臺南市東區東明里2鄰東興路31巷8號,[臺南市] { 模糊比對 } (東興路)找到符合的[路街名]，(31巷)找到符合的[巷]，(8之4號)找到符合的[門牌號碼]，模糊比對找到 1 筆符合的門牌地址。
164816.59,2552098.9,台南市 公學路五段176巷13號,臺南市安南區佃西里11鄰公學路五段176巷13號,[臺南市] { 完全比對 } 找到符合的門牌地址
166663.96,2547270.1,台南市 國安街156巷113號,臺南市安南區國安里3鄰國安街156巷113號,[臺南市] { 完全比對 } 找到符合的門牌地址
169131.48,2543122.99,台南市 大同路一段42號之1,臺南市中西區開山里12鄰大同路一段42號,[臺南市] { 模糊比對 } (大同路)找到符合的[路街名]，(1)找到符合的[路段]，(42之1號)找到符合的[門牌號碼]，模糊比對找到 1 筆符合的門牌地址。
169754.818,2543970.919,台南市 育樂街35之38號,臺南市東區成大里21鄰育樂街35號,[臺南市] { 模糊比對 } (育樂街)找到符合的[路街名]，(35之38號)找到符合的[門牌號碼]，模糊比對找到 1 筆符合的門牌地址。
167099.01,2549068.17,台南市 同安路162號,臺南市安南區理想里22鄰同安路162號,[臺南市] { 完全比對 } 找到符合的門牌地址
169544.7,2540992.93,台南市 大同路二段656巷1號,臺南市南區大恩里2鄰大同路二段656巷1號,[臺南市] { 完全比對 } 找到符合的門牌地址
168774.87,2543353.8,台南市 開山路109巷9號5樓之5,臺南市中西區銀同里3鄰開山路109巷9號,[臺南市] { 完全比對 } 找到符合的門牌地址
168322.04,2544479.25,台南市 成功路238巷22號,臺南市北區五福里7鄰成功路238巷22號,[臺南市] { 完全比對 } 找到符合的門牌地址
169131.48,2543122.99,台南市 大同路一段42號之1,臺南市中西區開山里12鄰大同路一段42號,[臺南市] { 模糊比對 } (大同路)找到符合的[路街名]，(1)找到符合的[路段]，(42之1號)找到符合的[門牌號碼]，模糊比對找到 1 筆符合的門牌地址。
166805.35,2548640.77,台南市 海佃路二段283號,臺南市安南區海東里20鄰海佃路二段283號,[臺南市] { 完全比對 } 找到符合的門牌地址
170963.83,2543100.5,台南市 裕農路345巷5弄6號,臺南市東區裕農里7鄰裕農路345巷5弄6號,[臺南市] { 完全比對 } 找到符合的門牌地址
171267.937,2550972.13,台南市 館前二路83巷58號,臺南市安南區東和里8鄰館前二路83巷58號,[臺南市] { 完全比對 } 找到符合的門牌地址
167088.42,2543306.39,台南市 南華街22號,臺南市中西區民生里4鄰南華街22號,[臺南市] { 完全比對 } 找到符合的門牌地址
171253.85,2544107.28,台南市 東光路二段58巷6號,臺南市東區莊敬里13鄰東光路二段58巷6號,[臺南市] { 完全比對 } 找到符合的門牌地址
169300.43,2546327.6,台南市 正覺街47號,臺南市北區正覺里11鄰正覺街47號,[臺南市] { 完全比對 } 找到符合的門牌地址
163040.67,2543986.29,台南市 同平路156巷31號,臺南市安平區金城里11鄰同平路156巷31號,[臺南市] { 完全比對 } 找到符合的門牌地址
170982.59,2545103.07,台南市 開南街275巷12弄2號,臺南市北區力行里8鄰開南街275巷12弄2號,[臺南市] { 完全比對 } 找到符合的門牌地址
167055.92,2548857.63,台南市 同安路80巷45弄9號,臺南市安南區理想里12鄰同安路80巷45弄9號,[臺南市] { 完全比對 } 找到符合的門牌地址
167510.091,2541079.372,台南市 永成路三段422號(原永安街135號),臺南市南區府南里11鄰永成路三段422號,[臺南市] { 完全比對 } 找到符合的門牌地址
169498.09,2542041.1,台南市 立德十路42號,臺南市東區大德里5鄰立德十路42號,[臺南市] { 完全比對 } 找到符合的門牌地址
170732.45,2544040.54,台南市 東平路252巷2號,臺南市東區小東里30鄰東平路252巷2號,[臺南市] { 完全比對 } 找到符合的門牌地址
169761.06,2542832.12,台南市 光華街119巷7號,臺南市東區泉南里15鄰光華街119巷7號,[臺南市] { 完全比對 } 找到符合的門牌地址
167240.2,2543321.69,台南市 大智街126號,臺南市中西區民生里7鄰大智街126號,[臺南市] { 完全比對 } 找到符合的門牌地址
168483.18,2542920.73,台南市 樹林街2段87號,臺南市中西區五妃里19鄰樹林街二段87號,[臺南市] { 完全比對 } 找到符合的門牌地址
171124.53,2543311.39,台南市 東寧路501巷25號,臺南市東區東光里1鄰東寧路465號,[臺南市] { 模糊比對 } (東寧路)找到符合的[路街名]，(501巷)找不到符合的[巷]，(501)找不到符合的[門牌號碼]，進行轉換搜尋[巷視為號]，進行[單號過濾]，進行[找小於且最接近的門牌號碼]，找到小於輸入的門牌號碼 -36 號，模糊比對找到 1 筆符合的門牌地址。
169668.05,2540604.32,台南市 大同路二段865號,臺南市東區崇明里14鄰大同路二段865號,[臺南市] { 完全比對 } 找到符合的門牌地址
169492.04,2542015.97,台南市 立德十路30巷11號,臺南市東區大德里6鄰立德十路30巷11號,[臺南市] { 完全比對 } 找到符合的門牌地址
168078.66,2544369.01,台南市 西門路二段396號,臺南市中西區天后里18鄰西門路二段396號,[臺南市] { 完全比對 } 找到符合的門牌地址
168763.039,2545957.752,台南市 育賢街29號,臺南市北區成德里15鄰育賢街29號,[臺南市] { 完全比對 } 找到符合的門牌地址
170108.25,2543663.39,台南市 東寧路29號,臺南市東區大學里9鄰東寧路29號,[臺南市] { 完全比對 } 找到符合的門牌地址
171064.22,2544295.07,台南市 小東路254巷2弄29號,臺南市東區莊敬里2鄰小東路254巷2弄29號,[臺南市] { 完全比對 } 找到符合的門牌地址
170275.87,2543570.49,台南市 東寧路132號,臺南市東區中西里25鄰東寧路132號,[臺南市] { 完全比對 } 找到符合的門牌地址
170713.74,2544392.46,台南市 小東路198巷24弄37號,臺南市東區小東里26鄰小東路198巷24弄37號,[臺南市] { 完全比對 } 找到符合的門牌地址
170641.43,2541576.71,台南市 崇德路508巷46號,臺南市東區崇德里22鄰崇德路508巷46號,[臺南市] { 完全比對 } 找到符合的門牌地址
171273.96,2542982.54,台南市 中華東路二段48巷25弄2號,臺南市東區富強里7鄰中華東路二段48巷25弄2號,[臺南市] { 完全比對 } 找到符合的門牌地址
162716.801,2544331.034,台南市 安北路616號,臺南市安平區金城里15鄰安北路616號,[臺南市] { 完全比對 } 找到符合的門牌地址
169608.95,2545048.75,台南市 前鋒路316號,臺南市北區中樓里9鄰前鋒路316號,[臺南市] { 完全比對 } 找到符合的門牌地址
164316.63,2544689.82,台南市 中興街6巷3-3號,臺南市安平區海頭里5鄰中興街6巷3號,[臺南市] { 模糊比對 } (中興街)找到符合的[路街名]，(6巷)找到符合的[巷]，(3-3號)找到符合的[門牌號碼]，模糊比對找到 1 筆符合的門牌地址。
169794.27,2546385.6,台南市 大武街353號,臺南市北區小康里14鄰大武街353號,[臺南市] { 完全比對 } 找到符合的門牌地址
168312.06,2547231.85,台南市 府安路五段44巷9號,臺南市安南區溪東里7鄰府安路五段44巷9號,[臺南市] { 完全比對 } 找到符合的門牌地址
165043.971,2544599.006,台南市 民權路四段558號,臺南市中西區西賢里31鄰民權路四段558號,[臺南市] { 完全比對 } 找到符合的門牌地址
169448.67,2543823.17,台南市 東寧路西段102號,臺南市東區成大里6鄰東寧路西段102號,[臺南市] { 完全比對 } 找到符合的門牌地址
170156.78,2544896.76,台南市 長榮路四段31巷25之4號,臺南市北區仁愛里12鄰長榮路四段31巷25號,[臺南市] { 模糊比對 } (長榮路)找到符合的[路街名]，(4)找到符合的[路段]，(31巷)找到符合的[巷]，(25之4號)找到符合的[門牌號碼]，模糊比對找到 1 筆符合的門牌地址。
165890.59,2543893.24,台南市 怡平路140巷37弄3號6樓之1,臺南市安平區建平里18鄰怡平路140巷37弄3號,[臺南市] { 完全比對 } 找到符合的門牌地址
165890.59,2543893.24,台南市 怡平路140巷37弄3號6樓之3,臺南市安平區建平里18鄰怡平路140巷37弄3號,[臺南市] { 完全比對 } 找到符合的門牌地址
165890.59,2543893.24,台南市 怡平路140巷37弄3號6樓之4,臺南市安平區建平里18鄰怡平路140巷37弄3號,[臺南市] { 完全比對 } 找到符合的門牌地址
169686.52,2541529.19,台南市 中華東路三段524號,臺南市東區大福里24鄰中華東路三段524號,[臺南市] { 完全比對 } 找到符合的門牌地址
170497.06,2542815.89,台南市 裕農路2號,臺南市東區富裕里3鄰裕農路2號,[臺南市] { 完全比對 } 找到符合的門牌地址
170643.69,2543623.78,台南市 東寧路201巷32號,臺南市東區東明里31鄰東寧路201巷32號,[臺南市] { 完全比對 } 找到符合的門牌地址
169580.82,2541638.5,台南市 榮譽街27號,臺南市東區大福里2鄰榮譽街27號,[臺南市] { 完全比對 } 找到符合的門牌地址
170056.44,2544987.35,台南市 勝利路190巷71號,臺南市北區仁愛里7鄰勝利路190巷71號,[臺南市] { 完全比對 } 找到符合的門牌地址
168638.15,2543688.22,台南市 中山路8巷25號,臺南市中西區青年里17鄰中山路8巷25號,[臺南市] { 完全比對 } 找到符合的門牌地址
168421.03,2548781.06,台南市 安中路一段372巷12號,臺南市安南區頂安里13鄰安中路一段372巷12號,[臺南市] { 完全比對 } 找到符合的門牌地址
171073.03,2544296.68,台南市 小東路254巷2弄25號,臺南市東區莊敬里2鄰小東路254巷2弄25號,[臺南市] { 完全比對 } 找到符合的門牌地址
171068.47,2544294.44,台南市 小東路254巷2弄27號,臺南市東區莊敬里2鄰小東路254巷2弄27號,[臺南市] { 完全比對 } 找到符合的門牌地址
167599.27,2542831.18,台南市 國華街一段115號,臺南市南區新昌里13鄰國華街一段115號,[臺南市] { 完全比對 } 找到符合的門牌地址
165003.85,2544392.58,台南市 安平路550巷6號,臺南市安平區平安里13鄰安平路550巷6號,[臺南市] { 完全比對 } 找到符合的門牌地址
171064.22,2544295.07,台南市 小東路254巷2弄29號,臺南市東區莊敬里2鄰小東路254巷2弄29號,[臺南市] { 完全比對 } 找到符合的門牌地址
169215.61,2544358.03,台南市 北忠街20號,臺南市北區公園里2鄰北忠街20號,[臺南市] { 完全比對 } 找到符合的門牌地址
170006.12,2545604.13,台南市 長勝路18號,臺南市北區新勝里10鄰長勝路18號,[臺南市] { 完全比對 } 找到符合的門牌地址
172448.38,2542750.77,台南市 裕孝路181號,臺南市東區文聖里16鄰裕孝路181號,[臺南市] { 完全比對 } 找到符合的門牌地址
170054.07,2543959.9,台南市 大學路12巷8號,臺南市東區大學里6鄰大學路12巷8號,[臺南市] { 完全比對 } 找到符合的門牌地址
169458.19,2540782.34,台南市 大同路二段750巷40弄22號,臺南市南區大恩里8鄰大同路二段750巷40弄22號,[臺南市] { 完全比對 } 找到符合的門牌地址
168418.43,2542889.19,台南市 南門路191號,臺南市中西區五妃里17鄰南門路191號,[臺南市] { 模糊比對 } (南門路)找到符合的[路街名]，(191號)找到符合的[門牌號碼]，進行[單號過濾]，模糊比對找到 2 筆符合的門牌地址。( 限制回傳 1 筆門牌地址 )
168689.13,2549466.55,台南市 北安路3段372號,臺南市安南區頂安里19鄰北安路三段372號,[臺南市] { 完全比對 } 找到符合的門牌地址
165544.35,2551936.34,台南市 公學路四段192號,臺南市安南區佃東里10鄰公學路四段192號,[臺南市] { 完全比對 } 找到符合的門牌地址
169586.98,2549014.18,台南市 安和路二段217號,臺南市安南區新順里10鄰安和路二段217號,[臺南市] { 完全比對 } 找到符合的門牌地址
171224.342,2551053.132,台南市 長和路一段561號,臺南市安南區東和里9鄰長和路一段561號,[臺南市] { 完全比對 } 找到符合的門牌地址
166163.07,2550234.77,台南市 功安四街64巷17號,臺南市安南區溪心里17鄰功安四街64巷17號,[臺南市] { 完全比對 } 找到符合的門牌地址
168474.89,2547489.31,台南市 北安路二段107號,臺南市安南區溪東里10鄰北安路二段107號,[臺南市] { 完全比對 } 找到符合的門牌地址
167967,2544673.63,台南市 海安路三段32巷11號,臺南市北區安民里3鄰海安路三段32巷11號,[臺南市] { 完全比對 } 找到符合的門牌地址
170926.02,2545350.66,台南市 力行街33號,臺南市北區力行里15鄰力行街33號,[臺南市] { 完全比對 } 找到符合的門牌地址
169685.048,2544933.131,台南市 東豐路95號,臺南市北區中樓里7鄰東豐路95號,[臺南市] { 完全比對 } 找到符合的門牌地址
171233.98,2541282.51,台南市 崇善十街36巷11號,臺南市東區崇善里14鄰崇善十街36巷11號,[臺南市] { 完全比對 } 找到符合的門牌地址
169740.02,2542999.78,台南市 府連路439號,臺南市東區龍山里18鄰府連路439號,[臺南市] { 完全比對 } 找到符合的門牌地址
168066.88,2544408.73,台南市 西門路二段415號,臺南市中西區普濟里8鄰西門路二段415號,[臺南市] { 完全比對 } 找到符合的門牌地址
167990.24,2543484.74,台南市 永福路二段35巷5號,臺南市中西區福安里11鄰永福路二段35巷5號,[臺南市] { 完全比對 } 找到符合的門牌地址
171505.67,2543002.66,台南市 中華東路二段73巷18號,臺南市東區東聖里7鄰中華東路二段73巷18號,[臺南市] { 完全比對 } 找到符合的門牌地址
168418.43,2542889.19,台南市 南門路191號,臺南市中西區五妃里17鄰南門路191號,[臺南市] { 模糊比對 } (南門路)找到符合的[路街名]，(191號)找到符合的[門牌號碼]，進行[單號過濾]，模糊比對找到 2 筆符合的門牌地址。( 限制回傳 1 筆門牌地址 )
167719.74,2542212.01,台南市 西門路一段387號,臺南市南區田寮里13鄰西門路一段387號,[臺南市] { 完全比對 } 找到符合的門牌地址
171622.03,2543009.51,台南市 富農街二段63號,臺南市東區東聖里7鄰富農街二段63號,[臺南市] { 完全比對 } 找到符合的門牌地址
171224.342,2551053.132,台南市 長和路一段561號,臺南市安南區東和里9鄰長和路一段561號,[臺南市] { 完全比對 } 找到符合的門牌地址
167964.85,2543438.65,台南市 府前路一段272巷7號,臺南市中西區福安里12鄰府前路一段272巷7號,[臺南市] { 完全比對 } 找到符合的門牌地址
161837.71,2553354.41,台南市 公學路七段67號,臺南市安南區學東里13鄰公學路七段67號,[臺南市] { 完全比對 } 找到符合的門牌地址
170849.26,2545504.62,台南市 南園街101巷34弄33號,臺南市北區華興里12鄰南園街101巷34弄33號,[臺南市] { 完全比對 } 找到符合的門牌地址
167726.93,2549261.16,台南市 安中路一段700巷30-3號,臺南市安南區鳳凰里8鄰安中路一段700巷30號,[臺南市] { 模糊比對 } (安中路)找到符合的[路街名]，(1)找到符合的[路段]，(700巷)找到符合的[巷]，(30-3號)找到符合的[門牌號碼]，模糊比對找到 1 筆符合的門牌地址。
167912.34,2542569.53,台南市 五妃街305號5樓之1,臺南市中西區仙草里15鄰五妃街305號,[臺南市] { 完全比對 } 找到符合的門牌地址
166905.42,2543687.65,台南市 金城街49號5樓,臺南市中西區大涼里13鄰金城街49號,[臺南市] { 完全比對 } 找到符合的門牌地址
169502.7,2546128.86,台南市 公園路918巷28號,臺南市北區正風里6鄰公園路918巷28號,[臺南市] { 完全比對 } 找到符合的門牌地址
170775.42,2543605.03,台南市 東安路48巷41之2號,臺南市東區東明里18鄰東安路48巷41號,[臺南市] { 模糊比對 } (東安路)找到符合的[路街名]，(48巷)找到符合的[巷]，(41之2號)找到符合的[門牌號碼]，模糊比對找到 1 筆符合的門牌地址。
171133.73,2542982.07,台南市 裕農路446巷52弄41號,臺南市東區富強里25鄰裕農路446巷52弄41號,[臺南市] { 完全比對 } 找到符合的門牌地址
170755.87,2545150.387,台南市 開南街143巷10弄33號,臺南市北區重興里13鄰開南街143巷10弄33號,[臺南市] { 完全比對 } 找到符合的門牌地址
167818.27,2549284.29,台南市 安中路一段700巷65之3號,臺南市安南區鳳凰里10鄰安中路一段700巷65號,[臺南市] { 模糊比對 } (安中路)找到符合的[路街名]，(1)找到符合的[路段]，(700巷)找到符合的[巷]，(65之3號)找到符合的[門牌號碼]，模糊比對找到 1 筆符合的門牌地址。
165925.76,2545934.14,台南市 府安路七段57巷7號,臺南市安南區海南里13鄰府安路七段57巷7號,[臺南市] { 完全比對 } 找到符合的門牌地址
166735.98,2543758.36,台南市 府前一街9巷14號,臺南市中西區大涼里21鄰府前一街9巷14號,[臺南市] { 完全比對 } 找到符合的門牌地址
170609.78,2542864.46,台南市 裕農路54號,臺南市東區富裕里4鄰裕農路54號,[臺南市] { 完全比對 } 找到符合的門牌地址
168371.36,2542882.85,台南市 南門路48巷4之3號,臺南市中西區大南里9鄰南門路48巷4號,[臺南市] { 模糊比對 } (南門路)找到符合的[路街名]，(48巷)找到符合的[巷]，(4之3號)找到符合的[門牌號碼]，模糊比對找到 1 筆符合的門牌地址。
168970.36,2544358.07,台南市 成功路22巷18弄112號,臺南市北區公園里10鄰成功路22巷18弄112號,[臺南市] { 完全比對 } 找到符合的門牌地址
169178.7,2540876.44,台南市 國民路167號,臺南市南區大恩里16鄰國民路167號,[臺南市] { 完全比對 } 找到符合的門牌地址
169175.15,2540878.8,台南市 國民路169號,臺南市南區大恩里16鄰國民路169號,[臺南市] { 完全比對 } 找到符合的門牌地址
170798.71,2542512.39,台南市 東門路二段390巷6號,臺南市東區崇信里1鄰東門路二段390巷6號,[臺南市] { 完全比對 } 找到符合的門牌地址
166095.73,2543529.6,台南市 建平九街30號,臺南市安平區建平里28鄰建平九街30號,[臺南市] { 完全比對 } 找到符合的門牌地址
170590.58,2545446.76,台南市 南園街75巷14號之1,臺南市北區國興里6鄰南園街75巷14號,[臺南市] { 模糊比對 } (南園街)找到符合的[路街名]，(75巷)找到符合的[巷]，(14之1號)找到符合的[門牌號碼]，模糊比對找到 1 筆符合的門牌地址。
166666.41,2546887.99,台南市 府安路六段103巷140號,臺南市安南區幸福里7鄰府安路六段103巷140號,[臺南市] { 完全比對 } 找到符合的門牌地址
170913.18,2542362.95,台南市 中華東路三段24巷2號,臺南市東區崇信里5鄰中華東路三段24巷2號,[臺南市] { 完全比對 } 找到符合的門牌地址
167024.69,2542055.1,台南市 新孝路16號,臺南市南區金華里1鄰新孝路16號,[臺南市] { 完全比對 } 找到符合的門牌地址
168999.72,2544858.29,台南市 公園路303號,臺南市北區興南里2鄰公園路303號,[臺南市] { 完全比對 } 找到符合的門牌地址
168811.18,2543539.41,台南市 民權路一段167號,臺南市中西區萬昌里10鄰民權路一段167號,[臺南市] { 完全比對 } 找到符合的門牌地址
169052.71,2543907.58,台南市 民族路二段60號,臺南市中西區公正里5鄰民族路二段60號,[臺南市] { 完全比對 } 找到符合的門牌地址
170669.33,2542182.68,台南市 崇善一街3巷6弄25號,臺南市東區崇信里18鄰崇善一街3巷6弄6號,[臺南市] { 模糊比對 } (崇善一街)找到符合的[路街名]，(3巷)找到符合的[巷]，(6弄)找到符合的[弄]，(25號)找不到符合的[門牌號碼]，進行轉換搜尋[弄視為號]，轉換搜尋找到符合的[門牌號碼]，模糊比對找到 1 筆符合的門牌地址。
169618.83,2540998.87,台南市 大同路二段593號,臺南市東區崇明里10鄰大同路二段593號,[臺南市] { 完全比對 } 找到符合的門牌地址
170813.69,2543217.85,台南市 裕豐街222巷3號,臺南市東區裕農里20鄰裕豐街222巷3號,[臺南市] { 完全比對 } 找到符合的門牌地址
170857.34,2543296.12,台南市 裕豐街252巷13號,臺南市東區裕農里13鄰裕豐街252巷13號,[臺南市] { 完全比對 } 找到符合的門牌地址
168932.04,2542647.22,台南市 法華街107號之1,臺南市中西區法華里15鄰法華街107號,[臺南市] { 模糊比對 } (法華街)找到符合的[路街名]，(107之1號)找到符合的[門牌號碼]，模糊比對找到 1 筆符合的門牌地址。
167015.57,2542056.44,台南市 新孝路20號,臺南市南區金華里1鄰新孝路20號,[臺南市] { 完全比對 } 找到符合的門牌地址
167033.26,2542101.03,台南市 金華路二段57巷13號,臺南市南區金華里2鄰金華路二段57巷13號,[臺南市] { 完全比對 } 找到符合的門牌地址
168880.54,2546604.9,台南市 北安路一段212巷40號,臺南市北區成功里7鄰北安路一段212巷40號,[臺南市] { 完全比對 } 找到符合的門牌地址
169796.85,2547661.11,台南市 府安路三段311巷19號,臺南市安南區安和里2鄰府安路三段311巷19號,[臺南市] { 完全比對 } 找到符合的門牌地址
169080.03,2545705.06,台南市 和緯路二段2號,臺南市北區六甲里12鄰和緯路二段2號,[臺南市] { 完全比對 } 找到符合的門牌地址
169320.46,2543635.71,台南市 前鋒路72號,臺南市東區圍下里13鄰前鋒路72號,[臺南市] { 完全比對 } 找到符合的門牌地址
170623.65,2541255.66,台南市 崇明路569號,臺南市東區崇成里15鄰崇明路569號,[臺南市] { 完全比對 } 找到符合的門牌地址
171284.77,2544140.48,台南市 莊敬路181巷2弄11號,臺南市東區莊敬里16鄰莊敬路181巷2弄11號,[臺南市] { 完全比對 } 找到符合的門牌地址
170082.77,2546335.53,台南市 大武街492巷28號,臺南市北區永祥里3鄰大武街492巷28號,[臺南市] { 完全比對 } 找到符合的門牌地址
167378.71,2546003.96,台南市 文賢路1006號,臺南市北區文元里15鄰文賢路1006號,[臺南市] { 完全比對 } 找到符合的門牌地址
170075.31,2545085.76,台南市 開元路148巷33弄2號之2,臺南市北區振興里7鄰開元路148巷33弄2號,[臺南市] { 模糊比對 } (開元路)找到符合的[路街名]，(148巷)找到符合的[巷]，(33弄)找到符合的[弄]，(2之2號)找到符合的[門牌號碼]，模糊比對找到 1 筆符合的門牌地址。
170075.31,2545085.76,台南市 開元路148巷33弄2號之3,臺南市北區振興里7鄰開元路148巷33弄2號,[臺南市] { 模糊比對 } (開元路)找到符合的[路街名]，(148巷)找到符合的[巷]，(33弄)找到符合的[弄]，(2之3號)找到符合的[門牌號碼]，模糊比對找到 1 筆符合的門牌地址。
169225.29,2547884.14,台南市 安和路一段159巷76弄5號,臺南市安南區安西里14鄰安和路一段159巷76弄5號,[臺南市] { 完全比對 } 找到符合的門牌地址
168724.31,2544424.85,台南市 成功路68巷22號,臺南市北區玉皇里13鄰成功路68巷22號,[臺南市] { 完全比對 } 找到符合的門牌地址
169190.46,2544472.98,台南市 富北街84號,臺南市北區公園里4鄰富北街84號,[臺南市] { 完全比對 } 找到符合的門牌地址
169977.67,2543622.29,台南市 東寧路24之2號,臺南市東區中西里12鄰東寧路24號,[臺南市] { 模糊比對 } (東寧路)找到符合的[路街名]，(24之2號)找到符合的[門牌號碼]，進行[雙號過濾]，模糊比對找到 2 筆符合的門牌地址。( 限制回傳 1 筆門牌地址 )
165239.66,2543560.22,台南市 建平八街415巷2號,臺南市安平區華平里22鄰建平八街415巷2號,[臺南市] { 完全比對 } 找到符合的門牌地址
166992.66,2541720.1,台南市 新興路413之4號,臺南市南區日新里10鄰新興路413號,[臺南市] { 模糊比對 } (新興路)找到符合的[路街名]，(413之4號)找到符合的[門牌號碼]，模糊比對找到 1 筆符合的門牌地址。
169732.25,2544990.33,台南市 東豐路85巷69號,臺南市北區中樓里8鄰東豐路85巷69號,[臺南市] { 完全比對 } 找到符合的門牌地址
169696.17,2546034.35,台南市 北門路三段27巷13號,臺南市北區實踐里12鄰北門路三段27巷13號,[臺南市] { 完全比對 } 找到符合的門牌地址
169687.44,2546034.61,台南市 北門路三段27巷15號,臺南市北區實踐里12鄰北門路三段27巷15號,[臺南市] { 完全比對 } 找到符合的門牌地址
169663.36,2546036.2,台南市 北門路三段27巷17號,臺南市北區實踐里12鄰北門路三段27巷17號,[臺南市] { 完全比對 } 找到符合的門牌地址
164962.98,2544601.21,台南市 民權路四段653號,臺南市安平區平安里16鄰民權路四段653號,[臺南市] { 完全比對 } 找到符合的門牌地址
168350.2,2542939.56,台南市 樹林街二段111號5樓,臺南市中西區大南里12鄰樹林街二段111號,[臺南市] { 完全比對 } 找到符合的門牌地址
165628.33,2544388.75,台南市 安平路336巷11弄5號,臺南市安平區平安里6鄰安平路336巷11弄5號,[臺南市] { 完全比對 } 找到符合的門牌地址
171238.96,2541326.95,台南市 崇善十街46號,臺南市東區崇善里13鄰崇善十街46號,[臺南市] { 完全比對 } 找到符合的門牌地址
170582.34,2543022.2,台南市 衛國街106巷17弄58號,臺南市東區新東里8鄰衛國街106巷17弄58號,[臺南市] { 完全比對 } 找到符合的門牌地址
166847.15,2544590.57,台南市 西和路101號,臺南市中西區文賢里11鄰西和路101號,[臺南市] { 完全比對 } 找到符合的門牌地址
170843.006,2540879.237,台南市 崇德二十街11號,臺南市東區崇文里17鄰崇德二十街11號,[臺南市] { 完全比對 } 找到符合的門牌地址
171625.19,2542131.21,台南市 富農街一段48巷20號,臺南市東區虎尾里8鄰富農街一段48巷20號,[臺南市] { 完全比對 } 找到符合的門牌地址
164334.45,2543429.57,台南市 平豐路236巷2號,臺南市安平區育平里35鄰平豐路236巷2號,[臺南市] { 完全比對 } 找到符合的門牌地址
170001.39,2548247.08,台南市 郡安路三段150號(和成段480-3地號),臺南市安南區安和里7鄰郡安路三段130號,[臺南市] { 模糊比對 } (郡安路)找到符合的[路街名]，(3)找到符合的[路段]，(150號)進行[雙號過濾]，進行[找大於且最接近的門牌號碼]，找到大於輸入的門牌號碼 +72 號，進行[找小於且最接近的門牌號碼]，找到小於輸入的門牌號碼 -20 號，模糊比對找到 2 筆符合的門牌地址。( 限制回傳 1 筆門牌地址 )
166199.457,2545116.619,台南市 和緯路五段162號,臺南市北區賢北里7鄰和緯路五段162號,[臺南市] { 完全比對 } 找到符合的門牌地址
166196.279,2545114.079,台南市 和緯路五段166號,臺南市北區賢北里7鄰和緯路五段166號,[臺南市] { 完全比對 } 找到符合的門牌地址
166193.737,2545111.963,台南市 和緯路五段168號,臺南市北區賢北里7鄰和緯路五段168號,[臺南市] { 完全比對 } 找到符合的門牌地址
166190.983,2545110.693,台南市 和緯路五段170號,臺南市北區賢北里7鄰和緯路五段170號,[臺南市] { 完全比對 } 找到符合的門牌地址
166188.865,2545109.211,台南市 和緯路五段172號,臺南市北區賢北里7鄰和緯路五段172號,[臺南市] { 完全比對 } 找到符合的門牌地址
166186.534,2545107.306,台南市 和緯路五段176號,臺南市北區賢北里7鄰和緯路五段176號,[臺南市] { 完全比對 } 找到符合的門牌地址
171592.47,2540886.04,台南市 仁和路254號,臺南市東區德高里5鄰仁和路254號,[臺南市] { 完全比對 } 找到符合的門牌地址
164631.111,2544180.842,台南市 育平路471號,臺南市安平區平通里19鄰育平路471號,[臺南市] { 完全比對 } 找到符合的門牌地址
166648.06,2542991.85,台南市 南樂街103巷1號,臺南市南區文華里27鄰南樂街103巷1號,[臺南市] { 完全比對 } 找到符合的門牌地址
167187.95,2543245.59,台南市 金華路三段12號,臺南市中西區民生里2鄰金華路三段12號,[臺南市] { 完全比對 } 找到符合的門牌地址
167187.95,2543245.59,台南市 金華路三段14號,臺南市中西區民生里2鄰金華路三段12號,[臺南市] { 模糊比對 } (金華路)找到符合的[路街名]，(3)找到符合的[路段]，(14號)進行[雙號過濾]，進行[找大於且最接近的門牌號碼]，找到大於輸入的門牌號碼 +2 號，進行[找小於且最接近的門牌號碼]，找到小於輸入的門牌號碼 -2 號，模糊比對找到 2 筆符合的門牌地址。( 限制回傳 1 筆門牌地址 )
167189.14,2547060.01,台南市 海佃路一段122號,臺南市安南區溪墘里22鄰海佃路一段122號,[臺南市] { 完全比對 } 找到符合的門牌地址
167199.21,2547020.57,台南市 海佃路一段120號,臺南市安南區溪墘里22鄰海佃路一段120號,[臺南市] { 完全比對 } 找到符合的門牌地址
170973.36,2540768.23,台南市 崇德二十三街69號,臺南市東區崇文里27鄰崇德二十三街69號,[臺南市] { 完全比對 } 找到符合的門牌地址
168358.27,2546317.55,台南市 文成三路245號,臺南市北區成德里20鄰文成三路245號,[臺南市] { 完全比對 } 找到符合的門牌地址
167602.61,2544414.5,台南市 民族路三段148巷16號,臺南市中西區三合里6鄰民族路三段148巷16號,[臺南市] { 完全比對 } 找到符合的門牌地址
167604.87,2544417.69,台南市 民族路三段148巷18號,臺南市中西區三合里6鄰民族路三段148巷18號,[臺南市] { 完全比對 } 找到符合的門牌地址
167607.06,2544422.2,台南市 民族路三段148巷20號,臺南市中西區三合里6鄰民族路三段148巷20號,[臺南市] { 完全比對 } 找到符合的門牌地址
167593.72,2544429.19,台南市 民族路三段148巷22號,臺南市中西區三合里6鄰民族路三段148巷22號,[臺南市] { 完全比對 } 找到符合的門牌地址
167594.88,2544431.51,台南市 民族路三段148巷24號,臺南市中西區三合里6鄰民族路三段148巷24號,[臺南市] { 完全比對 } 找到符合的門牌地址
167596.43,2544434.22,台南市 民族路三段148巷26號,臺南市中西區三合里6鄰民族路三段148巷26號,[臺南市] { 完全比對 } 找到符合的門牌地址
167536.19,2547348.53,台南市 安富街251巷36號,臺南市安南區安富里13鄰安富街251巷36號,[臺南市] { 完全比對 } 找到符合的門牌地址
167533.78,2547352.13,台南市 安富街251巷34號,臺南市安南區安富里12鄰安富街251巷34號,[臺南市] { 完全比對 } 找到符合的門牌地址
168460.32,2542832.27,台南市 南門路209巷6之2號,臺南市中西區五妃里12鄰南門路209巷6號,[臺南市] { 模糊比對 } (南門路)找到符合的[路街名]，(209巷)找到符合的[巷]，(6之2號)找到符合的[門牌號碼]，模糊比對找到 1 筆符合的門牌地址。
168460.32,2542832.27,台南市 南門路209巷6之1號,臺南市中西區五妃里12鄰南門路209巷6號,[臺南市] { 模糊比對 } (南門路)找到符合的[路街名]，(209巷)找到符合的[巷]，(6之1號)找到符合的[門牌號碼]，模糊比對找到 1 筆符合的門牌地址。
,,台南市 鹽田六街90號,,查無符合門牌地址
,,台南市 城東段556地號,,查無符合門牌地址
,,台南市 虎尾寮段0320-0003地號,,查無符合門牌地址
166296.84,2548631.04,台南市 海環街213號,臺南市安南區海西里12鄰海環街213號,[臺南市] { 完全比對 } 找到符合的門牌地址
166291.21,2548631.32,台南市 海環街215號,臺南市安南區海西里12鄰海環街215號,[臺南市] { 完全比對 } 找到符合的門牌地址
174404.56,2570381.49,台南市 中山路33號,臺南市下營區下營里20鄰中山路二段33號,[臺南市] { 模糊比對 } (中山路)找到符合的[路街名]，(33號)找到符合的[門牌號碼]，進行[單號過濾]，模糊比對找到 14 筆符合的門牌地址。( 限制回傳 1 筆門牌地址 )
,,台南市 怡中段0376-0地號,,查無符合門牌地址
,,台南市 公塭段0919地號,,查無符合門牌地址
168566.77,2543405,台南市 府中街119號,臺南市中西區永華里6鄰府中街117號,[臺南市] { 模糊比對 } (府中街)找到符合的[路街名]，(119號)進行[單號過濾]，進行[找大於且最接近的門牌號碼]，找到大於輸入的門牌號碼 +4 號，進行[找小於且最接近的門牌號碼]，找到小於輸入的門牌號碼 -2 號，模糊比對找到 2 筆符合的門牌地址。( 限制回傳 1 筆門牌地址 )
168566.77,2543405,台南市 府中街121號,臺南市中西區永華里6鄰府中街117號,[臺南市] { 模糊比對 } (府中街)找到符合的[路街名]，(121號)進行[單號過濾]，進行[找大於且最接近的門牌號碼]，找到大於輸入的門牌號碼 +2 號，進行[找小於且最接近的門牌號碼]，找到小於輸入的門牌號碼 -4 號，模糊比對找到 2 筆符合的門牌地址。( 限制回傳 1 筆門牌地址 )
164713.78,2544690.64,台南市 民權路四段763號,臺南市安平區石門里15鄰民權路四段763號,[臺南市] { 完全比對 } 找到符合的門牌地址
164708.92,2544691.96,台南市 民權路四段765號,臺南市安平區石門里15鄰民權路四段765號,[臺南市] { 完全比對 } 找到符合的門牌地址
168737.47,2542551.83,台南市 健康路一段160巷29號,臺南市中西區法華里20鄰健康路一段160巷29號,[臺南市] { 完全比對 } 找到符合的門牌地址
168739.44,2542555.2,台南市 健康路一段160巷31號,臺南市中西區法華里20鄰健康路一段160巷31號,[臺南市] { 完全比對 } 找到符合的門牌地址
165563.13,2544634.96,台南市 西賢二街125號,臺南市中西區西賢里23鄰西賢二街125號,[臺南市] { 完全比對 } 找到符合的門牌地址
167941.48,2544689.27,台南市 海安路三段46號,臺南市北區安民里3鄰海安路三段46號,[臺南市] { 完全比對 } 找到符合的門牌地址
167944.79,2544709.52,台南市 海安路三段50號,臺南市北區安民里3鄰海安路三段50號,[臺南市] { 完全比對 } 找到符合的門牌地址
167947.13,2544684.72,台南市 海安路三段32巷1號,臺南市北區安民里3鄰海安路三段32巷1號,[臺南市] { 完全比對 } 找到符合的門牌地址
,,台南市 鹽田路105號,,查無符合門牌地址
170619.798,2541175.129,台南市 崇明路589之2號,臺南市東區崇成里19鄰崇明路589之2號,[臺南市] { 完全比對 } 找到符合的門牌地址
170620.434,2541169.838,台南市 崇明路589之3號,臺南市東區崇成里19鄰崇明路589之3號,[臺南市] { 完全比對 } 找到符合的門牌地址
170620.646,2541165.181,台南市 崇明路589之5號,臺南市東區崇成里19鄰崇明路589之5號,[臺南市] { 完全比對 } 找到符合的門牌地址
170620.64,2541161.47,台南市 崇明路589之6號,臺南市東區崇成里19鄰崇明路589之6號,[臺南市] { 完全比對 } 找到符合的門牌地址
170620.9,2541157.76,台南市 崇明路589之7號,臺南市東區崇成里19鄰崇明路589之7號,[臺南市] { 完全比對 } 找到符合的門牌地址
170621.16,2541153.12,台南市 崇明路589之8號,臺南市東區崇成里19鄰崇明路589之8號,[臺南市] { 完全比對 } 找到符合的門牌地址
166183.992,2545105.824,台南市 和緯路五段178號,臺南市北區賢北里7鄰和緯路五段178號,[臺南市] { 完全比對 } 找到符合的門牌地址
166181.662,2545104.343,台南市 和緯路五段180號,臺南市北區賢北里7鄰和緯路五段180號,[臺南市] { 完全比對 } 找到符合的門牌地址
